GROUP,PACKAGE,CLASS,INSTRUCTION_MISSED,INSTRUCTION_COVERED,BRANCH_MISSED,BRANCH_COVERED,LINE_MISSED,LINE_COVERED,COMPLEXITY_MISSED,COMPLEXITY_COVERED,METHOD_MISSED,METHOD_COVERED
com.irurueta:irurueta-geometry,com.irurueta.geometry.refiners,InhomogeneousPoint3DRefiner.new LevenbergMarquardtMultiDimensionFunctionEvaluator() {...},0,66,0,0,0,13,0,5,0,5
com.irurueta:irurueta-geometry,com.irurueta.geometry.refiners,PointCorrespondenceProjectiveTransformation3DRefiner.new LevenbergMarquardtMultiDimensionFunctionEvaluator() {...},0,111,0,0,0,15,0,5,0,5
com.irurueta:irurueta-geometry,com.irurueta.geometry.refiners,MetricTransformation2DRefiner.new LevenbergMarquardtMultiDimensionFunctionEvaluator() {...},0,127,0,0,0,19,0,5,0,5
com.irurueta:irurueta-geometry,com.irurueta.geometry.refiners,NonDecomposedPointCorrespondencePinholeCameraRefiner,4,274,2,18,1,59,2,14,0,6
com.irurueta:irurueta-geometry,com.irurueta.geometry.refiners,HomogeneousPoint3DRefiner,10,197,2,14,3,46,2,11,0,5
com.irurueta:irurueta-geometry,com.irurueta.geometry.refiners,LineCorrespondenceProjectiveTransformation2DRefiner.new LevenbergMarquardtMultiDimensionFunctionEvaluator() {...},0,107,0,0,0,15,0,5,0,5
com.irurueta:irurueta-geometry,com.irurueta.geometry.refiners,EuclideanTransformation3DRefiner,18,414,3,21,4,88,3,18,0,9
com.irurueta:irurueta-geometry,com.irurueta.geometry.refiners,EuclideanTransformation3DRefiner.new LevenbergMarquardtMultiDimensionFunctionEvaluator() {...},0,175,0,0,0,25,0,5,0,5
com.irurueta:irurueta-geometry,com.irurueta.geometry.refiners,PlaneCorrespondenceProjectiveTransformation3DRefiner.new LevenbergMarquardtMultiDimensionFunctionEvaluator() {...},0,113,0,0,0,15,0,5,0,5
com.irurueta:irurueta-geometry,com.irurueta.geometry.refiners,DecomposedPointCorrespondencePinholeCameraRefiner,4,449,1,39,1,104,1,33,0,14
com.irurueta:irurueta-geometry,com.irurueta.geometry.refiners,LinePlaneCorrespondencePinholeCameraRefiner,0,154,0,6,0,30,0,10,0,7
com.irurueta:irurueta-geometry,com.irurueta.geometry.refiners,ProjectiveTransformation2DRefiner,0,51,0,2,0,16,0,7,0,6
com.irurueta:irurueta-geometry,com.irurueta.geometry.refiners,HomogeneousPoint3DRefiner.new LevenbergMarquardtMultiDimensionFunctionEvaluator() {...},0,66,0,0,0,13,0,5,0,5
com.irurueta:irurueta-geometry,com.irurueta.geometry.refiners,DecomposedLinePlaneCorrespondencePinholeCameraRefiner.new LevenbergMarquardtMultiDimensionFunctionEvaluator() {...},0,112,0,0,0,15,0,5,0,5
com.irurueta:irurueta-geometry,com.irurueta.geometry.refiners,MetricTransformation2DRefiner,4,350,2,20,1,79,2,18,0,9
com.irurueta:irurueta-geometry,com.irurueta.geometry.refiners,Point2DRefiner,0,81,0,6,0,23,0,10,0,7
com.irurueta:irurueta-geometry,com.irurueta.geometry.refiners,PlaneCorrespondenceAffineTransformation3DRefiner.new LevenbergMarquardtMultiDimensionFunctionEvaluator() {...},0,127,0,0,0,19,0,5,0,5
com.irurueta:irurueta-geometry,com.irurueta.geometry.refiners,SamplesAndInliersDataRefiner,0,63,5,9,0,15,5,8,0,6
com.irurueta:irurueta-geometry,com.irurueta.geometry.refiners,EuclideanTransformation2DRefiner,4,338,2,20,1,77,2,18,0,9
com.irurueta:irurueta-geometry,com.irurueta.geometry.refiners,InliersDataRefiner,0,111,0,12,0,36,0,17,0,11
com.irurueta:irurueta-geometry,com.irurueta.geometry.refiners,NonDecomposedLinePlaneCorrespondencePinholeCameraRefiner.new LevenbergMarquardtMultiDimensionFunctionEvaluator() {...},0,116,0,0,0,17,0,5,0,5
com.irurueta:irurueta-geometry,com.irurueta.geometry.refiners,PointCorrespondenceProjectiveTransformation3DRefiner,4,316,2,18,1,68,2,14,0,6
com.irurueta:irurueta-geometry,com.irurueta.geometry.refiners,PointCorrespondenceAffineTransformation2DRefiner,10,308,2,18,3,66,2,14,0,6
com.irurueta:irurueta-geometry,com.irurueta.geometry.refiners,LineCorrespondenceAffineTransformation2DRefiner,13,314,2,18,5,66,2,14,0,6
com.irurueta:irurueta-geometry,com.irurueta.geometry.refiners,DecomposedPointCorrespondencePinholeCameraRefiner.RefinementMultiDimensionFunctionEvaluatorListener,0,23,0,0,0,3,0,2,0,2
com.irurueta:irurueta-geometry,com.irurueta.geometry.refiners,LineCorrespondenceProjectiveTransformation2DRefiner,7,310,2,18,3,66,2,14,0,6
com.irurueta:irurueta-geometry,com.irurueta.geometry.refiners,EuclideanTransformation2DRefiner.new LevenbergMarquardtMultiDimensionFunctionEvaluator() {...},0,115,0,0,0,17,0,5,0,5
com.irurueta:irurueta-geometry,com.irurueta.geometry.refiners,Point3DRefiner,0,81,0,6,0,23,0,10,0,7
com.irurueta:irurueta-geometry,com.irurueta.geometry.refiners,MetricTransformation3DRefiner,18,426,3,21,4,90,3,18,0,9
com.irurueta:irurueta-geometry,com.irurueta.geometry.refiners,DecomposedLinePlaneCorrespondencePinholeCameraRefiner.RefinementMultiDimensionFunctionEvaluatorListener,0,23,0,0,0,3,0,2,0,2
com.irurueta:irurueta-geometry,com.irurueta.geometry.refiners,MetricTransformation3DRefiner.new LevenbergMarquardtMultiDimensionFunctionEvaluator() {...},0,187,0,0,0,27,0,5,0,5
com.irurueta:irurueta-geometry,com.irurueta.geometry.refiners,NonDecomposedLinePlaneCorrespondencePinholeCameraRefiner,4,274,2,18,1,59,2,14,0,6
com.irurueta:irurueta-geometry,com.irurueta.geometry.refiners,AffineTransformation3DRefiner,0,51,0,2,0,16,0,7,0,6
com.irurueta:irurueta-geometry,com.irurueta.geometry.refiners,PointCorrespondenceProjectiveTransformation2DRefiner.new LevenbergMarquardtMultiDimensionFunctionEvaluator() {...},0,105,0,0,0,15,0,5,0,5
com.irurueta:irurueta-geometry,com.irurueta.geometry.refiners,DecomposedPointCorrespondencePinholeCameraRefiner.new LevenbergMarquardtMultiDimensionFunctionEvaluator() {...},0,110,0,0,0,15,0,5,0,5
com.irurueta:irurueta-geometry,com.irurueta.geometry.refiners,InhomogeneousPoint2DRefiner,10,191,2,14,3,45,2,11,0,5
com.irurueta:irurueta-geometry,com.irurueta.geometry.refiners,PointCorrespondencePinholeCameraRefiner,0,126,0,6,0,28,0,10,0,7
com.irurueta:irurueta-geometry,com.irurueta.geometry.refiners,LineCorrespondenceAffineTransformation2DRefiner.new LevenbergMarquardtMultiDimensionFunctionEvaluator() {...},0,121,0,0,0,19,0,5,0,5
com.irurueta:irurueta-geometry,com.irurueta.geometry.refiners,Refiner,0,59,0,4,0,22,0,12,0,10
com.irurueta:irurueta-geometry,com.irurueta.geometry.refiners,PlaneCorrespondenceProjectiveTransformation3DRefiner,7,318,2,18,3,67,2,14,0,6
com.irurueta:irurueta-geometry,com.irurueta.geometry.refiners,NonDecomposedPointCorrespondencePinholeCameraRefiner.new LevenbergMarquardtMultiDimensionFunctionEvaluator() {...},0,114,0,0,0,17,0,5,0,5
com.irurueta:irurueta-geometry,com.irurueta.geometry.refiners,HomogeneousPoint2DRefiner.new LevenbergMarquardtMultiDimensionFunctionEvaluator() {...},0,66,0,0,0,13,0,5,0,5
com.irurueta:irurueta-geometry,com.irurueta.geometry.refiners,PointCorrespondenceProjectiveTransformation2DRefiner,4,304,2,18,1,66,2,14,0,6
com.irurueta:irurueta-geometry,com.irurueta.geometry.refiners,PointCorrespondenceAffineTransformation3DRefiner.new LevenbergMarquardtMultiDimensionFunctionEvaluator() {...},0,125,0,0,0,19,0,5,0,5
com.irurueta:irurueta-geometry,com.irurueta.geometry.refiners,PointCorrespondenceAffineTransformation3DRefiner,10,320,2,18,3,68,2,14,0,6
com.irurueta:irurueta-geometry,com.irurueta.geometry.refiners,InhomogeneousPoint2DRefiner.new LevenbergMarquardtMultiDimensionFunctionEvaluator() {...},0,66,0,0,0,13,0,5,0,5
com.irurueta:irurueta-geometry,com.irurueta.geometry.refiners,AffineTransformation2DRefiner,0,51,0,2,0,16,0,7,0,6
com.irurueta:irurueta-geometry,com.irurueta.geometry.refiners,ProjectiveTransformation3DRefiner,0,51,0,2,0,16,0,7,0,6
com.irurueta:irurueta-geometry,com.irurueta.geometry.refiners,PointCorrespondenceAffineTransformation2DRefiner.new LevenbergMarquardtMultiDimensionFunctionEvaluator() {...},0,119,0,0,0,19,0,5,0,5
com.irurueta:irurueta-geometry,com.irurueta.geometry.refiners,InhomogeneousPoint3DRefiner,10,197,2,14,3,46,2,11,0,5
com.irurueta:irurueta-geometry,com.irurueta.geometry.refiners,PlaneCorrespondenceAffineTransformation3DRefiner,13,326,2,18,5,68,2,14,0,6
com.irurueta:irurueta-geometry,com.irurueta.geometry.refiners,HomogeneousPoint2DRefiner,10,191,2,14,3,45,2,11,0,5
com.irurueta:irurueta-geometry,com.irurueta.geometry.refiners,DecomposedLinePlaneCorrespondencePinholeCameraRefiner,8,445,2,38,2,103,2,32,0,14
com.irurueta:irurueta-geometry,com.irurueta.geometry.refiners,PairMatchesAndInliersDataRefiner,0,93,6,14,0,22,6,12,0,8
com.irurueta:irurueta-geometry,com.irurueta.geometry.refiners,PinholeCameraRefiner,36,817,5,83,2,177,5,79,0,40
com.irurueta:irurueta-geometry,com.irurueta.geometry.refiners,RefinerException,0,16,0,0,0,8,0,4,0,4
com.irurueta:irurueta-geometry,com.irurueta.geometry.estimators,PROSACQuadricRobustEstimator.new PROSACRobustEstimatorListener() {...},0,183,4,4,0,33,4,12,0,12
com.irurueta:irurueta-geometry,com.irurueta.geometry.estimators,CircleRobustEstimator,0,491,0,68,0,123,0,84,0,38
com.irurueta:irurueta-geometry,com.irurueta.geometry.estimators,LMedSMetricTransformation2DRobustEstimator.new LMedSRobustEstimatorListener() {...},1,168,4,6,1,34,4,11,0,10
com.irurueta:irurueta-geometry,com.irurueta.geometry.estimators,PROMedSEuclideanTransformation3DRobustEstimator.new PROMedSRobustEstimatorListener() {...},13,164,5,5,4,33,5,12,1,11
com.irurueta:irurueta-geometry,com.irurueta.geometry.estimators,GeometryEstimatorException,0,16,0,0,0,8,0,4,0,4
com.irurueta:irurueta-geometry,com.irurueta.geometry.estimators,MSACEuclideanTransformation2DRobustEstimator,16,144,1,7,5,46,1,16,0,13
com.irurueta:irurueta-geometry,com.irurueta.geometry.estimators,PROMedSDLTLinePlaneCorrespondencePinholeCameraRobustEstimator.new PROMedSRobustEstimatorListener() {...},13,212,5,3,4,35,5,11,1,11
com.irurueta:irurueta-geometry,com.irurueta.geometry.estimators,PROSACDLTLinePlaneCorrespondencePinholeCameraRobustEstimator,32,361,10,24,7,106,8,30,0,21
com.irurueta:irurueta-geometry,com.irurueta.geometry.estimators,LMedSSphereRobustEstimator.new LMedSRobustEstimatorListener() {...},0,125,4,4,0,26,4,10,0,10
com.irurueta:irurueta-geometry,com.irurueta.geometry.estimators,MSACEuclideanTransformation3DRobustEstimator.new MSACRobustEstimatorListener() {...},1,172,4,6,1,35,4,12,0,11
com.irurueta:irurueta-geometry,com.irurueta.geometry.estimators,PROSACDualQuadricRobustEstimator.new PROSACRobustEstimatorListener() {...},0,183,4,4,0,33,4,12,0,12
com.irurueta:irurueta-geometry,com.irurueta.geometry.estimators,SphereRobustEstimator,0,491,0,68,0,123,0,84,0,38
com.irurueta:irurueta-geometry,com.irurueta.geometry.estimators,PROSACPlaneCorrespondenceAffineTransformation3DRobustEstimator,28,299,7,27,8,89,7,31,0,21
com.irurueta:irurueta-geometry,com.irurueta.geometry.estimators,LMedSDLTPointCorrespondencePinholeCameraRobustEstimator.new LMedSRobustEstimatorListener() {...},13,259,5,3,4,39,5,9,1,9
com.irurueta:irurueta-geometry,com.irurueta.geometry.estimators,MetricTransformation3DRobustEstimator,11,996,6,122,4,214,6,150,0,68
com.irurueta:irurueta-geometry,com.irurueta.geometry.estimators,QuadricRobustEstimator,3,557,0,72,2,136,0,86,0,38
com.irurueta:irurueta-geometry,com.irurueta.geometry.estimators,PROSACConicRobustEstimator,20,191,3,19,6,59,3,24,0,16
com.irurueta:irurueta-geometry,com.irurueta.geometry.estimators,LMedSMetricTransformation3DRobustEstimator.new LMedSRobustEstimatorListener() {...},1,168,4,6,1,34,4,11,0,10
com.irurueta:irurueta-geometry,com.irurueta.geometry.estimators,MSACDLTPointCorrespondencePinholeCameraRobustEstimator,16,180,1,7,5,51,1,12,0,9
com.irurueta:irurueta-geometry,com.irurueta.geometry.estimators,LMedSPointCorrespondenceAffineTransformation2DRobustEstimator,16,123,1,7,5,37,1,12,0,9
com.irurueta:irurueta-geometry,com.irurueta.geometry.estimators,PROMedSPlaneCorrespondenceProjectiveTransformation3DRobustEstimator,20,218,3,19,6,65,3,25,0,17
com.irurueta:irurueta-geometry,com.irurueta.geometry.estimators,PROSACConicRobustEstimator.new PROSACRobustEstimatorListener() {...},0,143,4,4,0,29,4,12,0,12
com.irurueta:irurueta-geometry,com.irurueta.geometry.estimators,DualQuadricRobustEstimator,3,557,0,72,2,136,0,86,0,38
com.irurueta:irurueta-geometry,com.irurueta.geometry.estimators,RANSACPoint2DRobustEstimator,24,174,5,15,7,52,5,18,0,13
com.irurueta:irurueta-geometry,com.irurueta.geometry.estimators,PointCorrespondenceProjectiveTransformation2DRobustEstimator,0,444,4,56,0,95,4,67,0,29
com.irurueta:irurueta-geometry,com.irurueta.geometry.estimators,PROMedSPlaneCorrespondenceProjectiveTransformation3DRobustEstimator.new PROMedSRobustEstimatorListener() {...},16,198,5,3,6,34,5,11,1,11
com.irurueta:irurueta-geometry,com.irurueta.geometry.estimators,WeightedPointCorrespondencePinholeCameraEstimator,23,890,6,42,9,167,6,36,0,18
com.irurueta:irurueta-geometry,com.irurueta.geometry.estimators,MSACPointCorrespondenceAffineTransformation2DRobustEstimator,16,110,1,7,5,34,1,12,0,9
com.irurueta:irurueta-geometry,com.irurueta.geometry.estimators,RANSACDLTLinePlaneCorrespondencePinholeCameraRobustEstimator,32,234,9,11,7,68,7,16,0,13
com.irurueta:irurueta-geometry,com.irurueta.geometry.estimators,PROMedSCircleRobustEstimator,20,191,3,19,6,59,3,24,0,16
com.irurueta:irurueta-geometry,com.irurueta.geometry.estimators,PROMedSQuadricRobustEstimator.new PROMedSRobustEstimatorListener() {...},0,183,4,4,0,33,4,12,0,12
com.irurueta:irurueta-geometry,com.irurueta.geometry.estimators,PROMedSPlaneRobustEstimator,20,191,3,19,6,59,3,24,0,16
com.irurueta:irurueta-geometry,com.irurueta.geometry.estimators,MSACLineCorrespondenceAffineTransformation2DRobustEstimator.new MSACRobustEstimatorListener() {...},4,166,4,4,3,32,4,11,0,11
com.irurueta:irurueta-geometry,com.irurueta.geometry.estimators,MSACEuclideanTransformation2DRobustEstimator.new MSACRobustEstimatorListener() {...},1,172,4,6,1,35,4,12,0,11
com.irurueta:irurueta-geometry,com.irurueta.geometry.estimators,PROMedSPointCorrespondenceAffineTransformation3DRobustEstimator,16,222,2,20,5,66,2,26,0,17
com.irurueta:irurueta-geometry,com.irurueta.geometry.estimators,RANSACSphereRobustEstimator.new RANSACRobustEstimatorListener() {...},1,128,4,4,1,26,4,11,0,11
com.irurueta:irurueta-geometry,com.irurueta.geometry.estimators,RANSACPlaneRobustEstimator.new RANSACRobustEstimatorListener() {...},1,118,4,4,1,25,4,11,0,11
com.irurueta:irurueta-geometry,com.irurueta.geometry.estimators,PROSACPointCorrespondenceProjectiveTransformation2DRobustEstimator.new PROSACRobustEstimatorListener() {...},13,177,5,3,4,32,5,11,1,11
com.irurueta:irurueta-geometry,com.irurueta.geometry.estimators,PROSACPointCorrespondenceAffineTransformation3DRobustEstimator,24,303,6,28,7,90,6,32,0,21
com.irurueta:irurueta-geometry,com.irurueta.geometry.estimators,MSACQuadricRobustEstimator.new MSACRobustEstimatorListener() {...},0,179,4,4,0,32,4,11,0,11
com.irurueta:irurueta-geometry,com.irurueta.geometry.estimators,MSACSphereRobustEstimator,16,94,1,7,5,30,1,11,0,8
com.irurueta:irurueta-geometry,com.irurueta.geometry.estimators,LMedSPoint2DRobustEstimator,16,116,1,7,5,36,1,12,0,9
com.irurueta:irurueta-geometry,com.irurueta.geometry.estimators,RANSACEuclideanTransformation2DRobustEstimator,24,234,5,15,7,72,5,22,0,17
com.irurueta:irurueta-geometry,com.irurueta.geometry.estimators,DLTLinePlaneCorrespondencePinholeCameraRobustEstimator,0,326,0,40,0,64,0,52,0,20
com.irurueta:irurueta-geometry,com.irurueta.geometry.estimators,PROMedSCircleRobustEstimator.new PROMedSRobustEstimatorListener() {...},13,110,5,3,4,23,5,11,1,11
com.irurueta:irurueta-geometry,com.irurueta.geometry.estimators,MSACUPnPPointCorrespondencePinholeCameraRobustEstimator.new MSACRobustEstimatorListener() {...},1,275,4,4,1,43,4,11,0,11
com.irurueta:irurueta-geometry,com.irurueta.geometry.estimators,PROMedSPointCorrespondenceAffineTransformation3DRobustEstimator.new PROMedSRobustEstimatorListener() {...},13,177,5,3,4,32,5,11,1,11
com.irurueta:irurueta-geometry,com.irurueta.geometry.estimators,PROMedSPointCorrespondenceAffineTransformation2DRobustEstimator.new PROMedSRobustEstimatorListener() {...},13,157,5,3,4,30,5,11,1,11
com.irurueta:irurueta-geometry,com.irurueta.geometry.estimators,PROSACSphereRobustEstimator.new PROSACRobustEstimatorListener() {...},1,132,4,4,1,27,4,12,0,12
com.irurueta:irurueta-geometry,com.irurueta.geometry.estimators,RANSACPlaneRobustEstimator,16,94,1,7,5,30,1,11,0,8
com.irurueta:irurueta-geometry,com.irurueta.geometry.estimators,PROMedSPlaneCorrespondenceAffineTransformation3DRobustEstimator,20,218,3,19,6,65,3,25,0,17
com.irurueta:irurueta-geometry,com.irurueta.geometry.estimators,MSACCircleRobustEstimator,16,94,1,7,5,30,1,11,0,8
com.irurueta:irurueta-geometry,com.irurueta.geometry.estimators,MSACPoint2DRobustEstimator,16,108,1,7,5,34,1,12,0,9
com.irurueta:irurueta-geometry,com.irurueta.geometry.estimators,Point3DNormalizer,24,417,8,26,6,91,8,33,0,24
com.irurueta:irurueta-geometry,com.irurueta.geometry.estimators,LMedSPlaneCorrespondenceProjectiveTransformation3DRobustEstimator,16,123,1,7,5,37,1,12,0,9
com.irurueta:irurueta-geometry,com.irurueta.geometry.estimators,LMedSLineCorrespondenceAffineTransformation2DRobustEstimator.new LMedSRobustEstimatorListener() {...},4,162,4,4,3,31,4,10,0,10
com.irurueta:irurueta-geometry,com.irurueta.geometry.estimators,PROMedSQuadricRobustEstimator,20,191,3,19,6,59,3,24,0,16
com.irurueta:irurueta-geometry,com.irurueta.geometry.estimators,PROSACEuclideanTransformation3DRobustEstimator.new PROSACRobustEstimatorListener() {...},1,176,4,6,1,36,4,13,0,12
com.irurueta:irurueta-geometry,com.irurueta.geometry.estimators,PROMedSSphereRobustEstimator,20,191,3,19,6,59,3,24,0,16
com.irurueta:irurueta-geometry,com.irurueta.geometry.estimators,MSACPointCorrespondenceProjectiveTransformation3DRobustEstimator,16,110,1,7,5,34,1,12,0,9
com.irurueta:irurueta-geometry,com.irurueta.geometry.estimators,LMedSPlaneRobustEstimator.new LMedSRobustEstimatorListener() {...},1,114,4,4,1,24,4,10,0,10
com.irurueta:irurueta-geometry,com.irurueta.geometry.estimators,MSACPlaneCorrespondenceProjectiveTransformation3DRobustEstimator.new MSACRobustEstimatorListener() {...},4,206,4,4,3,36,4,11,0,11
com.irurueta:irurueta-geometry,com.irurueta.geometry.estimators,MSACDualQuadricRobustEstimator,16,94,1,7,5,30,1,11,0,8
com.irurueta:irurueta-geometry,com.irurueta.geometry.estimators,NotReadyException,0,16,0,0,0,8,0,4,0,4
com.irurueta:irurueta-geometry,com.irurueta.geometry.estimators,PROSACPointCorrespondenceProjectiveTransformation3DRobustEstimator.new PROSACRobustEstimatorListener() {...},13,197,5,3,4,34,5,11,1,11
com.irurueta:irurueta-geometry,com.irurueta.geometry.estimators,LMedSCircleRobustEstimator,16,98,1,7,5,31,1,11,0,8
com.irurueta:irurueta-geometry,com.irurueta.geometry.estimators,Line2DRobustEstimator,0,494,0,68,0,124,0,84,0,38
com.irurueta:irurueta-geometry,com.irurueta.geometry.estimators,PROMedSEuclideanTransformation2DRobustEstimator,16,316,2,24,5,97,2,36,0,25
com.irurueta:irurueta-geometry,com.irurueta.geometry.estimators,RANSACPointCorrespondenceProjectiveTransformation3DRobustEstimator,24,176,5,15,7,52,5,18,0,13
com.irurueta:irurueta-geometry,com.irurueta.geometry.estimators,MSACPlaneRobustEstimator.new MSACRobustEstimatorListener() {...},1,118,4,4,1,25,4,11,0,11
com.irurueta:irurueta-geometry,com.irurueta.geometry.estimators,MSACMetricTransformation3DRobustEstimator,16,144,1,7,5,46,1,16,0,13
com.irurueta:irurueta-geometry,com.irurueta.geometry.estimators,MSACLine2DRobustEstimator,16,94,1,7,5,30,1,11,0,8
com.irurueta:irurueta-geometry,com.irurueta.geometry.estimators,RANSACMetricTransformation3DRobustEstimator.new RANSACRobustEstimatorListener() {...},1,172,0,10,1,35,0,16,0,11
com.irurueta:irurueta-geometry,com.irurueta.geometry.estimators,LMedSEPnPPointCorrespondencePinholeCameraRobustEstimator.new LMedSRobustEstimatorListener() {...},1,271,4,4,1,42,4,10,0,10
com.irurueta:irurueta-geometry,com.irurueta.geometry.estimators,PROMedSLineCorrespondenceProjectiveTransformation2DRobustEstimator.new PROMedSRobustEstimatorListener() {...},16,178,5,3,6,32,5,11,1,11
com.irurueta:irurueta-geometry,com.irurueta.geometry.estimators,DLTPointCorrespondencePinholeCameraRobustEstimator,0,326,0,40,0,64,0,52,0,20
com.irurueta:irurueta-geometry,com.irurueta.geometry.estimators,ConicRobustEstimator,3,550,0,72,2,135,0,86,0,38
com.irurueta:irurueta-geometry,com.irurueta.geometry.estimators,PointCorrespondencePinholeCameraRobustEstimator,11,733,8,32,10,183,9,76,1,64
com.irurueta:irurueta-geometry,com.irurueta.geometry.estimators,PROSACPointCorrespondenceProjectiveTransformation2DRobustEstimator,24,303,6,28,7,90,6,32,0,21
com.irurueta:irurueta-geometry,com.irurueta.geometry.estimators,PROMedSMetricTransformation2DRobustEstimator.new PROMedSRobustEstimatorListener() {...},13,162,5,5,4,33,5,12,1,11
com.irurueta:irurueta-geometry,com.irurueta.geometry.estimators,RANSACPointCorrespondenceProjectiveTransformation2DRobustEstimator,24,176,5,15,7,52,5,18,0,13
com.irurueta:irurueta-geometry,com.irurueta.geometry.estimators,RANSACLineCorrespondenceAffineTransformation2DRobustEstimator.new RANSACRobustEstimatorListener() {...},4,166,0,8,3,32,0,15,0,11
com.irurueta:irurueta-geometry,com.irurueta.geometry.estimators,LMedSDLTLinePlaneCorrespondencePinholeCameraRobustEstimator.new LMedSRobustEstimatorListener() {...},1,216,4,4,1,36,4,10,0,10
com.irurueta:irurueta-geometry,com.irurueta.geometry.estimators,MSACPoint3DRobustEstimator,16,108,1,7,5,34,1,12,0,9
com.irurueta:irurueta-geometry,com.irurueta.geometry.estimators,RANSACPointCorrespondenceAffineTransformation2DRobustEstimator.new RANSACRobustEstimatorListener() {...},1,165,0,8,1,32,0,15,0,11
com.irurueta:irurueta-geometry,com.irurueta.geometry.estimators,PROMedSMetricTransformation3DRobustEstimator.new PROMedSRobustEstimatorListener() {...},13,164,5,5,4,33,5,12,1,11
com.irurueta:irurueta-geometry,com.irurueta.geometry.estimators,NormalizerException,0,16,0,0,0,8,0,4,0,4
com.irurueta:irurueta-geometry,com.irurueta.geometry.estimators,LMedSDLTLinePlaneCorrespondencePinholeCameraRobustEstimator,16,189,1,7,5,53,1,12,0,9
com.irurueta:irurueta-geometry,com.irurueta.geometry.estimators,MSACEPnPPointCorrespondencePinholeCameraRobustEstimator.new MSACRobustEstimatorListener() {...},1,275,4,4,1,43,4,11,0,11
com.irurueta:irurueta-geometry,com.irurueta.geometry.estimators,LMedSPointCorrespondenceProjectiveTransformation3DRobustEstimator,16,123,1,7,5,37,1,12,0,9
com.irurueta:irurueta-geometry,com.irurueta.geometry.estimators,RANSACMetricTransformation2DRobustEstimator.new RANSACRobustEstimatorListener() {...},1,172,0,10,1,35,0,16,0,11
com.irurueta:irurueta-geometry,com.irurueta.geometry.estimators,PROSACEPnPPointCorrespondencePinholeCameraRobustEstimator.new PROSACRobustEstimatorListener() {...},1,279,4,4,1,44,4,12,0,12
com.irurueta:irurueta-geometry,com.irurueta.geometry.estimators,LMedSDualQuadricRobustEstimator.new LMedSRobustEstimatorListener() {...},12,163,5,3,3,28,5,9,1,9
com.irurueta:irurueta-geometry,com.irurueta.geometry.estimators,RANSACDualConicRobustEstimator,16,94,1,7,5,30,1,11,0,8
com.irurueta:irurueta-geometry,com.irurueta.geometry.estimators,PROSACPoint2DRobustEstimator.new PROSACRobustEstimatorListener() {...},13,98,5,3,4,22,5,11,1,11
com.irurueta:irurueta-geometry,com.irurueta.geometry.estimators,PROMedSSphereRobustEstimator.new PROMedSRobustEstimatorListener() {...},13,120,5,3,4,24,5,11,1,11
com.irurueta:irurueta-geometry,com.irurueta.geometry.estimators,MSACDualQuadricRobustEstimator.new MSACRobustEstimatorListener() {...},0,179,4,4,0,32,4,11,0,11
com.irurueta:irurueta-geometry,com.irurueta.geometry.estimators,LinePlaneCorrespondencePinholeCameraEstimator,3,226,2,26,2,58,2,23,0,11
com.irurueta:irurueta-geometry,com.irurueta.geometry.estimators,LMedSUPnPPointCorrespondencePinholeCameraRobustEstimator,16,210,1,7,5,58,1,12,0,9
com.irurueta:irurueta-geometry,com.irurueta.geometry.estimators,LMedSEuclideanTransformation2DRobustEstimator,16,152,1,7,5,48,1,16,0,13
com.irurueta:irurueta-geometry,com.irurueta.geometry.estimators,RANSACPointCorrespondenceAffineTransformation3DRobustEstimator.new RANSACRobustEstimatorListener() {...},1,185,0,8,1,34,0,15,0,11
com.irurueta:irurueta-geometry,com.irurueta.geometry.estimators,MSACDLTLinePlaneCorrespondencePinholeCameraRobustEstimator,16,176,1,7,5,50,1,12,0,9
com.irurueta:irurueta-geometry,com.irurueta.geometry.estimators,RANSACDLTPointCorrespondencePinholeCameraRobustEstimator,32,238,9,11,7,69,7,16,0,13
com.irurueta:irurueta-geometry,com.irurueta.geometry.estimators,PROMedSDLTLinePlaneCorrespondencePinholeCameraRobustEstimator,16,288,2,20,5,82,2,26,0,17
com.irurueta:irurueta-geometry,com.irurueta.geometry.estimators,MSACPoint3DRobustEstimator.new MSACRobustEstimatorListener() {...},1,116,4,4,1,25,4,11,0,11
com.irurueta:irurueta-geometry,com.irurueta.geometry.estimators,LMedSPoint2DRobustEstimator.new LMedSRobustEstimatorListener() {...},1,102,4,4,1,23,4,10,0,10
com.irurueta:irurueta-geometry,com.irurueta.geometry.estimators,PointCorrespondenceAffineTransformation2DRobustEstimator,3,441,4,56,2,93,4,67,0,29
com.irurueta:irurueta-geometry,com.irurueta.geometry.estimators,LMedSDualConicRobustEstimator.new LMedSRobustEstimatorListener() {...},1,134,4,4,1,26,4,10,0,10
com.irurueta:irurueta-geometry,com.irurueta.geometry.estimators,PROSACDLTLinePlaneCorrespondencePinholeCameraRobustEstimator.new PROSACRobustEstimatorListener() {...},1,224,4,4,1,38,4,12,0,12
com.irurueta:irurueta-geometry,com.irurueta.geometry.estimators,PROSACPointCorrespondenceAffineTransformation3DRobustEstimator.new PROSACRobustEstimatorListener() {...},13,177,5,3,4,32,5,11,1,11
com.irurueta:irurueta-geometry,com.irurueta.geometry.estimators,Point2DRobustEstimator,24,658,6,80,7,170,6,96,0,47
com.irurueta:irurueta-geometry,com.irurueta.geometry.estimators,RANSACUPnPPointCorrespondencePinholeCameraRobustEstimator.new RANSACRobustEstimatorListener() {...},1,275,4,4,1,43,4,11,0,11
com.irurueta:irurueta-geometry,com.irurueta.geometry.estimators,MSACPlaneCorrespondenceAffineTransformation3DRobustEstimator.new MSACRobustEstimatorListener() {...},4,186,4,4,3,34,4,11,0,11
com.irurueta:irurueta-geometry,com.irurueta.geometry.estimators,PROMedSEPnPPointCorrespondencePinholeCameraRobustEstimator,16,396,2,24,5,116,2,36,0,25
com.irurueta:irurueta-geometry,com.irurueta.geometry.estimators,MSACCircleRobustEstimator.new MSACRobustEstimatorListener() {...},1,118,4,4,1,25,4,11,0,11
com.irurueta:irurueta-geometry,com.irurueta.geometry.estimators,RANSACEuclideanTransformation2DRobustEstimator.new RANSACRobustEstimatorListener() {...},1,172,0,10,1,35,0,16,0,11
com.irurueta:irurueta-geometry,com.irurueta.geometry.estimators,LMedSLine2DRobustEstimator.new LMedSRobustEstimatorListener() {...},1,105,4,4,1,23,4,10,0,10
com.irurueta:irurueta-geometry,com.irurueta.geometry.estimators,LMedSPointCorrespondenceProjectiveTransformation3DRobustEstimator.new LMedSRobustEstimatorListener() {...},1,201,4,4,1,35,4,10,0,10
com.irurueta:irurueta-geometry,com.irurueta.geometry.estimators,AffineTransformation2DRobustEstimator,8,250,2,22,2,69,2,44,0,34
com.irurueta:irurueta-geometry,com.irurueta.geometry.estimators,LMedSLine2DRobustEstimator,16,98,1,7,5,31,1,11,0,8
com.irurueta:irurueta-geometry,com.irurueta.geometry.estimators,PROSACEPnPPointCorrespondencePinholeCameraRobustEstimator,32,522,10,28,7,157,8,40,0,29
com.irurueta:irurueta-geometry,com.irurueta.geometry.estimators,LMedSCircleRobustEstimator.new LMedSRobustEstimatorListener() {...},1,114,4,4,1,24,4,10,0,10
com.irurueta:irurueta-geometry,com.irurueta.geometry.estimators,RANSACLineCorrespondenceProjectiveTransformation2DRobustEstimator.new RANSACRobustEstimatorListener() {...},4,186,0,8,3,34,0,15,0,11
com.irurueta:irurueta-geometry,com.irurueta.geometry.estimators,LinePlaneCorrespondencePinholeCameraRobustEstimator,6,466,10,26,4,107,11,39,1,31
com.irurueta:irurueta-geometry,com.irurueta.geometry.estimators,PROMedSPointCorrespondenceProjectiveTransformation2DRobustEstimator.new PROMedSRobustEstimatorListener() {...},13,177,5,3,4,32,5,11,1,11
com.irurueta:irurueta-geometry,com.irurueta.geometry.estimators,PROSACEuclideanTransformation2DRobustEstimator,24,450,6,32,7,138,6,42,0,29
com.irurueta:irurueta-geometry,com.irurueta.geometry.estimators,PROMedSDLTPointCorrespondencePinholeCameraRobustEstimator,16,292,2,20,5,83,2,26,0,17
com.irurueta:irurueta-geometry,com.irurueta.geometry.estimators,PROMedSEuclideanTransformation3DRobustEstimator,16,316,2,24,5,97,2,36,0,25
com.irurueta:irurueta-geometry,com.irurueta.geometry.estimators,RANSACDLTPointCorrespondencePinholeCameraRobustEstimator.new RANSACRobustEstimatorListener() {...},1,275,0,8,1,43,0,15,0,11
com.irurueta:irurueta-geometry,com.irurueta.geometry.estimators,RANSACEPnPPointCorrespondencePinholeCameraRobustEstimator.new RANSACRobustEstimatorListener() {...},1,275,4,4,1,43,4,11,0,11
com.irurueta:irurueta-geometry,com.irurueta.geometry.estimators,WeightedLinePlaneCorrespondencePinholeCameraEstimator,21,997,7,49,6,189,7,39,0,18
com.irurueta:irurueta-geometry,com.irurueta.geometry.estimators,PROSACUPnPPointCorrespondencePinholeCameraRobustEstimator.new PROSACRobustEstimatorListener() {...},1,279,4,4,1,44,4,12,0,12
com.irurueta:irurueta-geometry,com.irurueta.geometry.estimators,LMedSPointCorrespondenceAffineTransformation3DRobustEstimator,16,123,1,7,5,37,1,12,0,9
com.irurueta:irurueta-geometry,com.irurueta.geometry.estimators,MSACPoint2DRobustEstimator.new MSACRobustEstimatorListener() {...},1,106,4,4,1,24,4,11,0,11
com.irurueta:irurueta-geometry,com.irurueta.geometry.estimators,PROMedSConicRobustEstimator.new PROMedSRobustEstimatorListener() {...},13,130,5,3,4,25,5,11,1,11
com.irurueta:irurueta-geometry,com.irurueta.geometry.estimators,PROMedSMetricTransformation2DRobustEstimator,16,316,2,24,5,97,2,36,0,25
com.irurueta:irurueta-geometry,com.irurueta.geometry.estimators,PROSACEuclideanTransformation2DRobustEstimator.new PROSACRobustEstimatorListener() {...},1,176,4,6,1,36,4,13,0,12
com.irurueta:irurueta-geometry,com.irurueta.geometry.estimators,MSACQuadricRobustEstimator,16,94,1,7,5,30,1,11,0,8
com.irurueta:irurueta-geometry,com.irurueta.geometry.estimators,WrongListSizesException,0,16,0,0,0,8,0,4,0,4
com.irurueta:irurueta-geometry,com.irurueta.geometry.estimators,LMedSQuadricRobustEstimator.new LMedSRobustEstimatorListener() {...},12,163,5,3,3,28,5,9,1,9
com.irurueta:irurueta-geometry,com.irurueta.geometry.estimators,MSACConicRobustEstimator,16,94,1,7,5,30,1,11,0,8
com.irurueta:irurueta-geometry,com.irurueta.geometry.estimators,PROSACPoint3DRobustEstimator.new PROSACRobustEstimatorListener() {...},13,108,5,3,4,23,5,11,1,11
com.irurueta:irurueta-geometry,com.irurueta.geometry.estimators,ProjectiveTransformation2DRobustEstimator,8,250,2,22,2,69,2,44,0,34
com.irurueta:irurueta-geometry,com.irurueta.geometry.estimators,LMedSMetricTransformation2DRobustEstimator,16,152,1,7,5,48,1,16,0,13
com.irurueta:irurueta-geometry,com.irurueta.geometry.estimators,PROMedSPoint3DRobustEstimator,20,209,3,19,6,64,3,25,0,17
com.irurueta:irurueta-geometry,com.irurueta.geometry.estimators,MSACLineCorrespondenceProjectiveTransformation2DRobustEstimator.new MSACRobustEstimatorListener() {...},4,186,4,4,3,34,4,11,0,11
com.irurueta:irurueta-geometry,com.irurueta.geometry.estimators,MSACPointCorrespondenceProjectiveTransformation3DRobustEstimator.new MSACRobustEstimatorListener() {...},1,205,4,4,1,36,4,11,0,11
com.irurueta:irurueta-geometry,com.irurueta.geometry.estimators,PROMedSPointCorrespondenceProjectiveTransformation2DRobustEstimator,16,222,2,20,5,66,2,26,0,17
com.irurueta:irurueta-geometry,com.irurueta.geometry.estimators,LMedSPlaneCorrespondenceAffineTransformation3DRobustEstimator.new LMedSRobustEstimatorListener() {...},16,170,5,3,6,30,5,9,1,9
com.irurueta:irurueta-geometry,com.irurueta.geometry.estimators,PROSACCircleRobustEstimator,20,191,3,19,6,59,3,24,0,16
com.irurueta:irurueta-geometry,com.irurueta.geometry.estimators,MSACLineCorrespondenceProjectiveTransformation2DRobustEstimator,16,110,1,7,5,34,1,12,0,9
com.irurueta:irurueta-geometry,com.irurueta.geometry.estimators,PROMedSLine2DRobustEstimator.new PROMedSRobustEstimatorListener() {...},13,101,5,3,4,22,5,11,1,11
com.irurueta:irurueta-geometry,com.irurueta.geometry.estimators,PROMedSPoint3DRobustEstimator.new PROMedSRobustEstimatorListener() {...},13,108,5,3,4,23,5,11,1,11
com.irurueta:irurueta-geometry,com.irurueta.geometry.estimators,LMedSConicRobustEstimator,16,98,1,7,5,31,1,11,0,8
com.irurueta:irurueta-geometry,com.irurueta.geometry.estimators,MSACConicRobustEstimator.new MSACRobustEstimatorListener() {...},1,138,4,4,1,27,4,11,0,11
com.irurueta:irurueta-geometry,com.irurueta.geometry.estimators,RANSACEuclideanTransformation3DRobustEstimator.new RANSACRobustEstimatorListener() {...},1,172,0,10,1,35,0,16,0,11
com.irurueta:irurueta-geometry,com.irurueta.geometry.estimators,MSACLine2DRobustEstimator.new MSACRobustEstimatorListener() {...},1,109,4,4,1,24,4,11,0,11
com.irurueta:irurueta-geometry,com.irurueta.geometry.estimators,EPnPPointCorrespondencePinholeCameraEstimator,27,2396,8,102,11,518,9,92,1,45
com.irurueta:irurueta-geometry,com.irurueta.geometry.estimators,PROSACDLTPointCorrespondencePinholeCameraRobustEstimator,32,365,10,24,7,107,8,30,0,21
com.irurueta:irurueta-geometry,com.irurueta.geometry.estimators,PROSACLine2DRobustEstimator.new PROSACRobustEstimatorListener() {...},13,101,5,3,4,22,5,11,1,11
com.irurueta:irurueta-geometry,com.irurueta.geometry.estimators,LMedSPointCorrespondenceProjectiveTransformation2DRobustEstimator.new LMedSRobustEstimatorListener() {...},1,181,4,4,1,33,4,10,0,10
com.irurueta:irurueta-geometry,com.irurueta.geometry.estimators,LMedSDualQuadricRobustEstimator,16,98,1,7,5,31,1,11,0,8
com.irurueta:irurueta-geometry,com.irurueta.geometry.estimators,LMedSPointCorrespondenceAffineTransformation2DRobustEstimator.new LMedSRobustEstimatorListener() {...},1,161,4,4,1,31,4,10,0,10
com.irurueta:irurueta-geometry,com.irurueta.geometry.estimators,PROMedSEuclideanTransformation2DRobustEstimator.new PROMedSRobustEstimatorListener() {...},13,164,5,5,4,33,5,12,1,11
com.irurueta:irurueta-geometry,com.irurueta.geometry.estimators,LMedSSphereRobustEstimator,16,98,1,7,5,31,1,11,0,8
com.irurueta:irurueta-geometry,com.irurueta.geometry.estimators,RANSACDualConicRobustEstimator.new RANSACRobustEstimatorListener() {...},1,138,4,4,1,27,4,11,0,11
com.irurueta:irurueta-geometry,com.irurueta.geometry.estimators,RANSACLine2DRobustEstimator,16,94,1,7,5,30,1,11,0,8
com.irurueta:irurueta-geometry,com.irurueta.geometry.estimators,LMedSLineCorrespondenceAffineTransformation2DRobustEstimator,16,123,1,7,5,37,1,12,0,9
com.irurueta:irurueta-geometry,com.irurueta.geometry.estimators,PROSACDualConicRobustEstimator,20,191,3,19,6,59,3,24,0,16
com.irurueta:irurueta-geometry,com.irurueta.geometry.estimators,PROSACPlaneCorrespondenceAffineTransformation3DRobustEstimator.new PROSACRobustEstimatorListener() {...},16,178,5,3,6,32,5,11,1,11
com.irurueta:irurueta-geometry,com.irurueta.geometry.estimators,RANSACConicRobustEstimator,16,94,1,7,5,30,1,11,0,8
com.irurueta:irurueta-geometry,com.irurueta.geometry.estimators,PROSACUPnPPointCorrespondencePinholeCameraRobustEstimator,24,390,6,28,7,111,6,32,0,21
com.irurueta:irurueta-geometry,com.irurueta.geometry.estimators,MSACPointCorrespondenceAffineTransformation3DRobustEstimator.new MSACRobustEstimatorListener() {...},1,185,4,4,1,34,4,11,0,11
com.irurueta:irurueta-geometry,com.irurueta.geometry.estimators,PROMedSPoint2DRobustEstimator,20,209,3,19,6,64,3,25,0,17
com.irurueta:irurueta-geometry,com.irurueta.geometry.estimators,PROSACEuclideanTransformation3DRobustEstimator,24,450,6,32,7,138,6,42,0,29
com.irurueta:irurueta-geometry,com.irurueta.geometry.estimators,PROMedSPlaneRobustEstimator.new PROMedSRobustEstimatorListener() {...},13,110,5,3,4,23,5,11,1,11
com.irurueta:irurueta-geometry,com.irurueta.geometry.estimators,MSACPlaneCorrespondenceProjectiveTransformation3DRobustEstimator,16,110,1,7,5,34,1,12,0,9
com.irurueta:irurueta-geometry,com.irurueta.geometry.estimators,MSACPlaneRobustEstimator,16,94,1,7,5,30,1,11,0,8
com.irurueta:irurueta-geometry,com.irurueta.geometry.estimators,PROSACDLTPointCorrespondencePinholeCameraRobustEstimator.new PROSACRobustEstimatorListener() {...},13,267,5,3,4,41,5,11,1,11
com.irurueta:irurueta-geometry,com.irurueta.geometry.estimators,PROMedSLineCorrespondenceAffineTransformation2DRobustEstimator.new PROMedSRobustEstimatorListener() {...},16,158,5,3,6,30,5,11,1,11
com.irurueta:irurueta-geometry,com.irurueta.geometry.estimators,MSACMetricTransformation2DRobustEstimator,16,144,1,7,5,46,1,16,0,13
com.irurueta:irurueta-geometry,com.irurueta.geometry.estimators,PROSACPlaneCorrespondenceProjectiveTransformation3DRobustEstimator,28,299,7,27,8,89,7,31,0,21
com.irurueta:irurueta-geometry,com.irurueta.geometry.estimators,DualConicRobustEstimator,3,550,0,72,2,135,0,86,0,38
com.irurueta:irurueta-geometry,com.irurueta.geometry.estimators,PROMedSUPnPPointCorrespondencePinholeCameraRobustEstimator,20,300,3,19,6,85,3,25,0,17
com.irurueta:irurueta-geometry,com.irurueta.geometry.estimators,RANSACPointCorrespondenceAffineTransformation3DRobustEstimator,24,176,5,15,7,52,5,18,0,13
com.irurueta:irurueta-geometry,com.irurueta.geometry.estimators,PROSACSphereRobustEstimator,20,191,3,19,6,59,3,24,0,16
com.irurueta:irurueta-geometry,com.irurueta.geometry.estimators,MSACPointCorrespondenceAffineTransformation2DRobustEstimator.new MSACRobustEstimatorListener() {...},1,165,4,4,1,32,4,11,0,11
com.irurueta:irurueta-geometry,com.irurueta.geometry.estimators,PinholeCameraEstimator,0,465,3,73,0,135,3,82,0,46
com.irurueta:irurueta-geometry,com.irurueta.geometry.estimators,LMedSQuadricRobustEstimator,16,98,1,7,5,31,1,11,0,8
com.irurueta:irurueta-geometry,com.irurueta.geometry.estimators,RANSACDualQuadricRobustEstimator.new RANSACRobustEstimatorListener() {...},0,179,4,4,0,32,4,11,0,11
com.irurueta:irurueta-geometry,com.irurueta.geometry.estimators,LMedSPlaneCorrespondenceAffineTransformation3DRobustEstimator,16,123,1,7,5,37,1,12,0,9
com.irurueta:irurueta-geometry,com.irurueta.geometry.estimators,MSACUPnPPointCorrespondencePinholeCameraRobustEstimator,16,197,1,7,5,55,1,12,0,9
com.irurueta:irurueta-geometry,com.irurueta.geometry.estimators,LineCorrespondenceAffineTransformation2DRobustEstimator,6,465,4,56,4,96,6,66,2,28
com.irurueta:irurueta-geometry,com.irurueta.geometry.estimators,PROMedSLineCorrespondenceAffineTransformation2DRobustEstimator,20,218,3,19,6,65,3,25,0,17
com.irurueta:irurueta-geometry,com.irurueta.geometry.estimators,RANSACDLTLinePlaneCorrespondencePinholeCameraRobustEstimator.new RANSACRobustEstimatorListener() {...},1,220,0,8,1,37,0,15,0,11
com.irurueta:irurueta-geometry,com.irurueta.geometry.estimators,LMedSPointCorrespondenceAffineTransformation3DRobustEstimator.new LMedSRobustEstimatorListener() {...},1,181,4,4,1,33,4,10,0,10
com.irurueta:irurueta-geometry,com.irurueta.geometry.estimators,RANSACPointCorrespondenceProjectiveTransformation3DRobustEstimator.new RANSACRobustEstimatorListener() {...},1,205,0,8,1,36,0,15,0,11
com.irurueta:irurueta-geometry,com.irurueta.geometry.estimators,PROSACCircleRobustEstimator.new PROSACRobustEstimatorListener() {...},13,110,5,3,4,23,5,11,1,11
com.irurueta:irurueta-geometry,com.irurueta.geometry.estimators,MSACPointCorrespondenceProjectiveTransformation2DRobustEstimator.new MSACRobustEstimatorListener() {...},1,185,4,4,1,34,4,11,0,11
com.irurueta:irurueta-geometry,com.irurueta.geometry.estimators,RANSACEuclideanTransformation3DRobustEstimator,24,234,5,15,7,72,5,22,0,17
com.irurueta:irurueta-geometry,com.irurueta.geometry.estimators,RANSACMetricTransformation3DRobustEstimator,24,234,3,17,7,72,3,24,0,17
com.irurueta:irurueta-geometry,com.irurueta.geometry.estimators,PlaneCorrespondenceProjectiveTransformation3DRobustEstimator,5,443,5,55,2,94,7,65,2,28
com.irurueta:irurueta-geometry,com.irurueta.geometry.estimators,PROMedSUPnPPointCorrespondencePinholeCameraRobustEstimator.new PROMedSRobustEstimatorListener() {...},1,279,4,4,1,44,4,12,0,12
com.irurueta:irurueta-geometry,com.irurueta.geometry.estimators,EuclideanTransformation2DRobustEstimator,11,996,6,122,2,216,6,150,0,68
com.irurueta:irurueta-geometry,com.irurueta.geometry.estimators,PROMedSDualConicRobustEstimator,20,191,3,19,6,59,3,24,0,16
com.irurueta:irurueta-geometry,com.irurueta.geometry.estimators,MSACSphereRobustEstimator.new MSACRobustEstimatorListener() {...},0,129,4,4,0,27,4,11,0,11
com.irurueta:irurueta-geometry,com.irurueta.geometry.estimators,MSACDualConicRobustEstimator,16,94,1,7,5,30,1,11,0,8
com.irurueta:irurueta-geometry,com.irurueta.geometry.estimators,PROMedSDLTPointCorrespondencePinholeCameraRobustEstimator.new PROMedSRobustEstimatorListener() {...},13,267,5,3,4,41,5,11,1,11
com.irurueta:irurueta-geometry,com.irurueta.geometry.estimators,PROMedSLineCorrespondenceProjectiveTransformation2DRobustEstimator,20,218,3,19,6,65,3,25,0,17
com.irurueta:irurueta-geometry,com.irurueta.geometry.estimators,PROMedSPoint2DRobustEstimator.new PROMedSRobustEstimatorListener() {...},13,98,5,3,4,22,5,11,1,11
com.irurueta:irurueta-geometry,com.irurueta.geometry.estimators,RANSACPlaneCorrespondenceAffineTransformation3DRobustEstimator,24,176,5,15,7,52,5,18,0,13
com.irurueta:irurueta-geometry,com.irurueta.geometry.estimators,ProjectiveTransformation3DRobustEstimator,8,250,2,22,2,69,2,44,0,34
com.irurueta:irurueta-geometry,com.irurueta.geometry.estimators,RANSACCircleRobustEstimator.new RANSACRobustEstimatorListener() {...},1,118,4,4,1,25,4,11,0,11
com.irurueta:irurueta-geometry,com.irurueta.geometry.estimators,LMedSPointCorrespondenceProjectiveTransformation2DRobustEstimator,16,123,1,7,5,37,1,12,0,9
com.irurueta:irurueta-geometry,com.irurueta.geometry.estimators,RANSACQuadricRobustEstimator,16,94,1,7,5,30,1,11,0,8
com.irurueta:irurueta-geometry,com.irurueta.geometry.estimators,RANSACPoint3DRobustEstimator.new RANSACRobustEstimatorListener() {...},1,116,0,8,1,25,0,15,0,11
com.irurueta:irurueta-geometry,com.irurueta.geometry.estimators,PROMedSPointCorrespondenceProjectiveTransformation3DRobustEstimator,16,222,2,20,5,66,2,26,0,17
com.irurueta:irurueta-geometry,com.irurueta.geometry.estimators,PROSACPlaneRobustEstimator.new PROSACRobustEstimatorListener() {...},13,110,5,3,4,23,5,11,1,11
com.irurueta:irurueta-geometry,com.irurueta.geometry.estimators,MSACDualConicRobustEstimator.new MSACRobustEstimatorListener() {...},0,139,4,4,0,28,4,11,0,11
com.irurueta:irurueta-geometry,com.irurueta.geometry.estimators,PROMedSPointCorrespondenceProjectiveTransformation3DRobustEstimator.new PROMedSRobustEstimatorListener() {...},13,197,5,3,4,34,5,11,1,11
com.irurueta:irurueta-geometry,com.irurueta.geometry.estimators,PinholeCameraEstimatorType,0,39,0,0,0,7,0,1,0,1
com.irurueta:irurueta-geometry,com.irurueta.geometry.estimators,LMedSEuclideanTransformation3DRobustEstimator.new LMedSRobustEstimatorListener() {...},1,168,4,6,1,34,4,11,0,10
com.irurueta:irurueta-geometry,com.irurueta.geometry.estimators,MetricTransformation2DRobustEstimator,8,999,6,122,2,216,6,150,0,68
com.irurueta:irurueta-geometry,com.irurueta.geometry.estimators,RANSACLineCorrespondenceAffineTransformation2DRobustEstimator,24,176,5,15,7,52,5,18,0,13
com.irurueta:irurueta-geometry,com.irurueta.geometry.estimators,PROSACMetricTransformation3DRobustEstimator,24,450,6,32,7,138,6,42,0,29
com.irurueta:irurueta-geometry,com.irurueta.geometry.estimators,MSACEPnPPointCorrespondencePinholeCameraRobustEstimator,16,225,1,7,5,65,1,16,0,13
com.irurueta:irurueta-geometry,com.irurueta.geometry.estimators,UPnPPointCorrespondencePinholeCameraRobustEstimator,4,496,1,55,1,105,1,73,0,34
com.irurueta:irurueta-geometry,com.irurueta.geometry.estimators,LMedSEPnPPointCorrespondencePinholeCameraRobustEstimator,16,238,1,7,5,68,1,16,0,13
com.irurueta:irurueta-geometry,com.irurueta.geometry.estimators,LMedSPoint3DRobustEstimator.new LMedSRobustEstimatorListener() {...},1,112,4,4,1,24,4,10,0,10
com.irurueta:irurueta-geometry,com.irurueta.geometry.estimators,PROSACPoint2DRobustEstimator,28,295,7,27,8,89,7,31,0,21
com.irurueta:irurueta-geometry,com.irurueta.geometry.estimators,PROSACPointCorrespondenceAffineTransformation2DRobustEstimator,24,303,6,28,7,90,6,32,0,21
com.irurueta:irurueta-geometry,com.irurueta.geometry.estimators,RANSACSphereRobustEstimator,16,94,1,7,5,30,1,11,0,8
com.irurueta:irurueta-geometry,com.irurueta.geometry.estimators,RANSACPointCorrespondenceProjectiveTransformation2DRobustEstimator.new RANSACRobustEstimatorListener() {...},1,185,0,8,1,34,0,15,0,11
com.irurueta:irurueta-geometry,com.irurueta.geometry.estimators,PlaneCorrespondenceAffineTransformation3DRobustEstimator,8,469,5,55,4,97,7,65,2,28
com.irurueta:irurueta-geometry,com.irurueta.geometry.estimators,RANSACPlaneCorrespondenceProjectiveTransformation3DRobustEstimator,24,176,5,15,7,52,5,18,0,13
com.irurueta:irurueta-geometry,com.irurueta.geometry.estimators,RANSACPlaneCorrespondenceAffineTransformation3DRobustEstimator.new RANSACRobustEstimatorListener() {...},4,186,0,8,3,34,0,15,0,11
com.irurueta:irurueta-geometry,com.irurueta.geometry.estimators,PointCorrespondenceProjectiveTransformation3DRobustEstimator,0,444,4,56,0,95,4,67,0,29
com.irurueta:irurueta-geometry,com.irurueta.geometry.estimators,PROMedSEPnPPointCorrespondencePinholeCameraRobustEstimator.new PROMedSRobustEstimatorListener() {...},13,267,5,3,4,41,5,11,1,11
com.irurueta:irurueta-geometry,com.irurueta.geometry.estimators,LMedSEuclideanTransformation3DRobustEstimator,16,152,1,7,5,48,1,16,0,13
com.irurueta:irurueta-geometry,com.irurueta.geometry.estimators,PROSACPointCorrespondenceAffineTransformation2DRobustEstimator.new PROSACRobustEstimatorListener() {...},13,157,5,3,4,30,5,11,1,11
com.irurueta:irurueta-geometry,com.irurueta.geometry.estimators,MSACPointCorrespondenceAffineTransformation3DRobustEstimator,16,110,1,7,5,34,1,12,0,9
com.irurueta:irurueta-geometry,com.irurueta.geometry.estimators,LMedSPlaneRobustEstimator,16,98,1,7,5,31,1,11,0,8
com.irurueta:irurueta-geometry,com.irurueta.geometry.estimators,MSACLineCorrespondenceAffineTransformation2DRobustEstimator,16,110,1,7,5,34,1,12,0,9
com.irurueta:irurueta-geometry,com.irurueta.geometry.estimators,PROSACQuadricRobustEstimator,20,191,3,19,6,59,3,24,0,16
com.irurueta:irurueta-geometry,com.irurueta.geometry.estimators,EuclideanTransformation2DEstimator,14,432,5,35,4,116,5,38,0,23
com.irurueta:irurueta-geometry,com.irurueta.geometry.estimators,RANSACLineCorrespondenceProjectiveTransformation2DRobustEstimator,24,176,5,15,7,52,5,18,0,13
com.irurueta:irurueta-geometry,com.irurueta.geometry.estimators,PROMedSPointCorrespondenceAffineTransformation2DRobustEstimator,16,222,2,20,5,66,2,26,0,17
com.irurueta:irurueta-geometry,com.irurueta.geometry.estimators,PROSACLineCorrespondenceAffineTransformation2DRobustEstimator.new PROSACRobustEstimatorListener() {...},16,158,5,3,6,30,5,11,1,11
com.irurueta:irurueta-geometry,com.irurueta.geometry.estimators,Point2DNormalizer,24,323,7,21,6,75,7,27,0,20
com.irurueta:irurueta-geometry,com.irurueta.geometry.estimators,PROSACMetricTransformation2DRobustEstimator,24,450,6,32,7,138,6,42,0,29
com.irurueta:irurueta-geometry,com.irurueta.geometry.estimators,EPnPPointCorrespondencePinholeCameraRobustEstimator,4,854,1,97,1,167,1,125,0,53
com.irurueta:irurueta-geometry,com.irurueta.geometry.estimators,PointCorrespondencePinholeCameraEstimator,29,736,7,67,11,189,7,46,0,16
com.irurueta:irurueta-geometry,com.irurueta.geometry.estimators,PROMedSLine2DRobustEstimator,20,191,3,19,6,59,3,24,0,16
com.irurueta:irurueta-geometry,com.irurueta.geometry.estimators,EuclideanTransformation3DEstimator,14,473,5,35,4,118,5,38,0,23
com.irurueta:irurueta-geometry,com.irurueta.geometry.estimators,RANSACPointCorrespondenceAffineTransformation2DRobustEstimator,24,176,5,15,7,52,5,18,0,13
com.irurueta:irurueta-geometry,com.irurueta.geometry.estimators,RANSACQuadricRobustEstimator.new RANSACRobustEstimatorListener() {...},0,179,4,4,0,32,4,11,0,11
com.irurueta:irurueta-geometry,com.irurueta.geometry.estimators,LMedSPoint3DRobustEstimator,16,116,1,7,5,36,1,12,0,9
com.irurueta:irurueta-geometry,com.irurueta.geometry.estimators,LMedSUPnPPointCorrespondencePinholeCameraRobustEstimator.new LMedSRobustEstimatorListener() {...},1,271,4,4,1,42,4,10,0,10
com.irurueta:irurueta-geometry,com.irurueta.geometry.estimators,EuclideanTransformation3DRobustEstimator,7,1000,5,123,3,215,5,151,0,68
com.irurueta:irurueta-geometry,com.irurueta.geometry.estimators,LMedSMetricTransformation3DRobustEstimator,16,152,1,7,5,48,1,16,0,13
com.irurueta:irurueta-geometry,com.irurueta.geometry.estimators,RANSACEPnPPointCorrespondencePinholeCameraRobustEstimator,32,307,9,11,7,91,7,20,0,17
com.irurueta:irurueta-geometry,com.irurueta.geometry.estimators,MSACMetricTransformation2DRobustEstimator.new MSACRobustEstimatorListener() {...},1,172,4,6,1,35,4,12,0,11
com.irurueta:irurueta-geometry,com.irurueta.geometry.estimators,LMedSPlaneCorrespondenceProjectiveTransformation3DRobustEstimator.new LMedSRobustEstimatorListener() {...},4,202,4,4,3,35,4,10,0,10
com.irurueta:irurueta-geometry,com.irurueta.geometry.estimators,LMedSLineCorrespondenceProjectiveTransformation2DRobustEstimator.new LMedSRobustEstimatorListener() {...},16,170,5,3,6,30,5,9,1,9
com.irurueta:irurueta-geometry,com.irurueta.geometry.estimators,LMedSConicRobustEstimator.new LMedSRobustEstimatorListener() {...},1,134,4,4,1,26,4,10,0,10
com.irurueta:irurueta-geometry,com.irurueta.geometry.estimators,DLTLinePlaneCorrespondencePinholeCameraEstimator,19,730,5,17,4,127,5,15,0,9
com.irurueta:irurueta-geometry,com.irurueta.geometry.estimators,RANSACCircleRobustEstimator,16,94,1,7,5,30,1,11,0,8
com.irurueta:irurueta-geometry,com.irurueta.geometry.estimators,PROMedSConicRobustEstimator,20,191,3,19,6,59,3,24,0,16
com.irurueta:irurueta-geometry,com.irurueta.geometry.estimators,MSACDLTPointCorrespondencePinholeCameraRobustEstimator.new MSACRobustEstimatorListener() {...},1,275,4,4,1,43,4,11,0,11
com.irurueta:irurueta-geometry,com.irurueta.geometry.estimators,MetricTransformation3DEstimator,18,520,6,36,5,126,6,38,0,23
com.irurueta:irurueta-geometry,com.irurueta.geometry.estimators,PROMedSMetricTransformation3DRobustEstimator,16,316,2,24,5,97,2,36,0,25
com.irurueta:irurueta-geometry,com.irurueta.geometry.estimators,PROSACLineCorrespondenceProjectiveTransformation2DRobustEstimator.new PROSACRobustEstimatorListener() {...},16,178,5,3,6,32,5,11,1,11
com.irurueta:irurueta-geometry,com.irurueta.geometry.estimators,MSACPointCorrespondenceProjectiveTransformation2DRobustEstimator,16,110,1,7,5,34,1,12,0,9
com.irurueta:irurueta-geometry,com.irurueta.geometry.estimators,LMedSDLTPointCorrespondencePinholeCameraRobustEstimator,16,193,1,7,5,54,1,12,0,9
com.irurueta:irurueta-geometry,com.irurueta.geometry.estimators,RANSACConicRobustEstimator.new RANSACRobustEstimatorListener() {...},1,138,4,4,1,27,4,11,0,11
com.irurueta:irurueta-geometry,com.irurueta.geometry.estimators,PROMedSDualQuadricRobustEstimator,20,191,3,19,6,59,3,24,0,16
com.irurueta:irurueta-geometry,com.irurueta.geometry.estimators,PROSACLineCorrespondenceProjectiveTransformation2DRobustEstimator,28,299,7,27,8,89,7,31,0,21
com.irurueta:irurueta-geometry,com.irurueta.geometry.estimators,PROMedSPlaneCorrespondenceAffineTransformation3DRobustEstimator.new PROMedSRobustEstimatorListener() {...},16,178,5,3,6,32,5,11,1,11
com.irurueta:irurueta-geometry,com.irurueta.geometry.estimators,MetricTransformation2DEstimator,18,475,6,36,5,120,6,38,0,23
com.irurueta:irurueta-geometry,com.irurueta.geometry.estimators,Point3DRobustEstimator,16,666,4,82,5,172,4,98,0,47
com.irurueta:irurueta-geometry,com.irurueta.geometry.estimators,PROSACDualConicRobustEstimator.new PROSACRobustEstimatorListener() {...},1,142,4,4,1,28,4,12,0,12
com.irurueta:irurueta-geometry,com.irurueta.geometry.estimators,AffineTransformation3DRobustEstimator,8,250,2,22,2,69,2,44,0,34
com.irurueta:irurueta-geometry,com.irurueta.geometry.estimators,RANSACLine2DRobustEstimator.new RANSACRobustEstimatorListener() {...},1,109,4,4,1,24,4,11,0,11
com.irurueta:irurueta-geometry,com.irurueta.geometry.estimators,PROSACPlaneRobustEstimator,20,191,3,19,6,59,3,24,0,16
com.irurueta:irurueta-geometry,com.irurueta.geometry.estimators,RANSACPlaneCorrespondenceProjectiveTransformation3DRobustEstimator.new RANSACRobustEstimatorListener() {...},4,206,0,8,3,36,0,15,0,11
com.irurueta:irurueta-geometry,com.irurueta.geometry.estimators,PROSACMetricTransformation2DRobustEstimator.new PROSACRobustEstimatorListener() {...},13,164,5,5,4,33,5,12,1,11
com.irurueta:irurueta-geometry,com.irurueta.geometry.estimators,PinholeCameraRobustEstimator,8,697,5,79,2,177,5,120,0,83
com.irurueta:irurueta-geometry,com.irurueta.geometry.estimators,LineCorrespondenceProjectiveTransformation2DRobustEstimator,5,443,5,55,2,94,7,65,2,28
com.irurueta:irurueta-geometry,com.irurueta.geometry.estimators,MSACPlaneCorrespondenceAffineTransformation3DRobustEstimator,16,110,1,7,5,34,1,12,0,9
com.irurueta:irurueta-geometry,com.irurueta.geometry.estimators,MSACEuclideanTransformation3DRobustEstimator,16,144,1,7,5,46,1,16,0,13
com.irurueta:irurueta-geometry,com.irurueta.geometry.estimators,LMedSDualConicRobustEstimator,16,98,1,7,5,31,1,11,0,8
com.irurueta:irurueta-geometry,com.irurueta.geometry.estimators,LMedSEuclideanTransformation2DRobustEstimator.new LMedSRobustEstimatorListener() {...},1,168,4,6,1,34,4,11,0,10
com.irurueta:irurueta-geometry,com.irurueta.geometry.estimators,PROSACPointCorrespondenceProjectiveTransformation3DRobustEstimator,24,303,6,28,7,90,6,32,0,21
com.irurueta:irurueta-geometry,com.irurueta.geometry.estimators,PROSACMetricTransformation3DRobustEstimator.new PROSACRobustEstimatorListener() {...},1,176,4,6,1,36,4,13,0,12
com.irurueta:irurueta-geometry,com.irurueta.geometry.estimators,PROSACPlaneCorrespondenceProjectiveTransformation3DRobustEstimator.new PROSACRobustEstimatorListener() {...},16,198,5,3,6,34,5,11,1,11
com.irurueta:irurueta-geometry,com.irurueta.geometry.estimators,PROSACLine2DRobustEstimator,20,191,3,19,6,59,3,24,0,16
com.irurueta:irurueta-geometry,com.irurueta.geometry.estimators,PROSACPoint3DRobustEstimator,20,303,5,29,6,91,5,33,0,21
com.irurueta:irurueta-geometry,com.irurueta.geometry.estimators,PROSACLineCorrespondenceAffineTransformation2DRobustEstimator,28,299,7,27,8,89,7,31,0,21
com.irurueta:irurueta-geometry,com.irurueta.geometry.estimators,RANSACDualQuadricRobustEstimator,16,94,1,7,5,30,1,11,0,8
com.irurueta:irurueta-geometry,com.irurueta.geometry.estimators,PROMedSDualConicRobustEstimator.new PROMedSRobustEstimatorListener() {...},13,130,5,3,4,25,5,11,1,11
com.irurueta:irurueta-geometry,com.irurueta.geometry.estimators,MSACDLTLinePlaneCorrespondencePinholeCameraRobustEstimator.new MSACRobustEstimatorListener() {...},1,220,4,4,1,37,4,11,0,11
com.irurueta:irurueta-geometry,com.irurueta.geometry.estimators,MSACMetricTransformation3DRobustEstimator.new MSACRobustEstimatorListener() {...},1,172,4,6,1,35,4,12,0,11
com.irurueta:irurueta-geometry,com.irurueta.geometry.estimators,DLTPointCorrespondencePinholeCameraEstimator,15,647,5,13,3,110,5,13,0,9
com.irurueta:irurueta-geometry,com.irurueta.geometry.estimators,PinholeCameraEstimatorException,0,16,0,0,0,8,0,4,0,4
com.irurueta:irurueta-geometry,com.irurueta.geometry.estimators,PROSACDualQuadricRobustEstimator,20,191,3,19,6,59,3,24,0,16
com.irurueta:irurueta-geometry,com.irurueta.geometry.estimators,RANSACPoint2DRobustEstimator.new RANSACRobustEstimatorListener() {...},1,106,0,8,1,24,0,15,0,11
com.irurueta:irurueta-geometry,com.irurueta.geometry.estimators,PROMedSDualQuadricRobustEstimator.new PROMedSRobustEstimatorListener() {...},0,183,4,4,0,33,4,12,0,12
com.irurueta:irurueta-geometry,com.irurueta.geometry.estimators,LMedSLineCorrespondenceProjectiveTransformation2DRobustEstimator,16,123,1,7,5,37,1,12,0,9
com.irurueta:irurueta-geometry,com.irurueta.geometry.estimators,PlaneRobustEstimator,0,494,0,68,0,124,0,84,0,38
com.irurueta:irurueta-geometry,com.irurueta.geometry.estimators,PointCorrespondenceAffineTransformation3DRobustEstimator,3,441,4,56,2,93,4,67,0,29
com.irurueta:irurueta-geometry,com.irurueta.geometry.estimators,UPnPPointCorrespondencePinholeCameraEstimator,43,2333,6,88,27,524,7,84,1,43
com.irurueta:irurueta-geometry,com.irurueta.geometry.estimators,RANSACPoint3DRobustEstimator,16,182,3,17,5,54,3,20,0,13
com.irurueta:irurueta-geometry,com.irurueta.geometry.estimators,RANSACUPnPPointCorrespondencePinholeCameraRobustEstimator,24,263,5,15,7,73,5,18,0,13
com.irurueta:irurueta-geometry,com.irurueta.geometry.estimators,RANSACMetricTransformation2DRobustEstimator,24,234,3,17,7,72,3,24,0,17
com.irurueta:irurueta-geometry,com.irurueta.geometry.estimators,LockedException,0,16,0,0,0,8,0,4,0,4
com.irurueta:irurueta-geometry,com.irurueta.geometry,MetricTransformation2D,2,304,1,3,2,82,1,23,0,22
com.irurueta:irurueta-geometry,com.irurueta.geometry,ProjectiveTransformation3D,58,4945,6,44,28,933,7,86,1,67
com.irurueta:irurueta-geometry,com.irurueta.geometry,AffineParameters3D,5,330,3,17,2,85,3,32,0,25
com.irurueta:irurueta-geometry,com.irurueta.geometry,MetricTransformation3D,2,325,1,3,2,85,1,23,0,22
com.irurueta:irurueta-geometry,com.irurueta.geometry,AffineParameters2D,5,224,3,17,2,65,3,26,0,19
com.irurueta:irurueta-geometry,com.irurueta.geometry,DualQuadric,25,1437,1,11,11,248,1,18,0,13
com.irurueta:irurueta-geometry,com.irurueta.geometry,InvalidRotationMatrixException,0,16,0,0,0,8,0,4,0,4
com.irurueta:irurueta-geometry,com.irurueta.geometry,Conic,30,866,3,21,13,174,3,24,0,15
com.irurueta:irurueta-geometry,com.irurueta.geometry,ParallelVectorsException,0,16,0,0,0,8,0,4,0,4
com.irurueta:irurueta-geometry,com.irurueta.geometry,Transformation3D,4,325,0,12,3,89,0,35,0,29
com.irurueta:irurueta-geometry,com.irurueta.geometry,AxisRotation3D,363,994,50,28,72,162,37,36,3,31
com.irurueta:irurueta-geometry,com.irurueta.geometry,Point3D,20,299,5,22,6,69,5,30,2,18
com.irurueta:irurueta-geometry,com.irurueta.geometry,KDTree,9,1483,4,144,3,255,4,86,0,16
com.irurueta:irurueta-geometry,com.irurueta.geometry,EuclideanTransformation3D,8,623,1,15,8,176,1,49,0,42
com.irurueta:irurueta-geometry,com.irurueta.geometry,KDTree3D,0,19,0,0,0,5,0,4,0,4
com.irurueta:irurueta-geometry,com.irurueta.geometry,Accuracy,4,300,2,16,1,65,2,20,0,13
com.irurueta:irurueta-geometry,com.irurueta.geometry,EuclideanTransformation2D,7,550,1,15,7,160,1,45,0,38
com.irurueta:irurueta-geometry,com.irurueta.geometry,RotationException,0,16,0,0,0,8,0,4,0,4
com.irurueta:irurueta-geometry,com.irurueta.geometry,Line2D,20,833,4,36,8,191,4,61,0,45
com.irurueta:irurueta-geometry,com.irurueta.geometry,ConicNotAvailableException,0,16,0,0,0,8,0,4,0,4
com.irurueta:irurueta-geometry,com.irurueta.geometry,Point2D,20,199,4,17,6,45,4,25,2,16
com.irurueta:irurueta-geometry,com.irurueta.geometry,CoincidentPlanesException,0,16,0,0,0,8,0,4,0,4
com.irurueta:irurueta-geometry,com.irurueta.geometry,ProjectiveTransformation2D,58,2888,6,44,28,625,7,80,1,61
com.irurueta:irurueta-geometry,com.irurueta.geometry,Quaternion,234,4429,45,173,50,796,43,178,0,112
com.irurueta:irurueta-geometry,com.irurueta.geometry,HomogeneousPoint2D,8,575,6,42,3,121,6,55,0,37
com.irurueta:irurueta-geometry,com.irurueta.geometry,CameraException,0,16,0,0,0,8,0,4,0,4
com.irurueta:irurueta-geometry,com.irurueta.geometry,NonSymmetricMatrixException,0,16,0,0,0,8,0,4,0,4
com.irurueta:irurueta-geometry,com.irurueta.geometry,BaseConic,5,324,3,13,2,85,3,27,0,22
com.irurueta:irurueta-geometry,com.irurueta.geometry,NotLocusException,0,16,0,0,0,8,0,4,0,4
com.irurueta:irurueta-geometry,com.irurueta.geometry,CoincidentPointsException,0,16,0,0,0,8,0,4,0,4
com.irurueta:irurueta-geometry,com.irurueta.geometry,Box3D,0,39,0,0,0,8,0,3,0,3
com.irurueta:irurueta-geometry,com.irurueta.geometry,ColinearPointsException,0,16,0,0,0,8,0,4,0,4
com.irurueta:irurueta-geometry,com.irurueta.geometry,Box2D,0,110,0,0,0,29,0,7,0,7
com.irurueta:irurueta-geometry,com.irurueta.geometry,Triangulator2D,0,18,0,0,0,6,0,4,0,4
com.irurueta:irurueta-geometry,com.irurueta.geometry,CoincidentLinesException,0,16,0,0,0,8,0,4,0,4
com.irurueta:irurueta-geometry,com.irurueta.geometry,Triangulator3D,0,18,0,0,0,6,0,4,0,4
com.irurueta:irurueta-geometry,com.irurueta.geometry,NoIntersectionException,0,16,0,0,0,8,0,4,0,4
com.irurueta:irurueta-geometry,com.irurueta.geometry,InvalidPinholeCameraIntrinsicParametersException,0,16,0,0,0,8,0,4,0,4
com.irurueta:irurueta-geometry,com.irurueta.geometry,Transformation2D,4,226,0,8,3,63,0,25,0,21
com.irurueta:irurueta-geometry,com.irurueta.geometry,TriangulatorMethod,0,9,0,0,0,2,0,1,0,1
com.irurueta:irurueta-geometry,com.irurueta.geometry,Sphere,12,911,8,28,3,177,8,39,0,29
com.irurueta:irurueta-geometry,com.irurueta.geometry,CoordinatesType,0,15,0,0,0,3,0,1,0,1
com.irurueta:irurueta-geometry,com.irurueta.geometry,QuadricNotAvailableException,0,16,0,0,0,8,0,4,0,4
com.irurueta:irurueta-geometry,com.irurueta.geometry,Polygon2D,70,536,17,51,22,149,13,44,0,23
com.irurueta:irurueta-geometry,com.irurueta.geometry,NotSupportedException,0,16,0,0,0,8,0,4,0,4
com.irurueta:irurueta-geometry,com.irurueta.geometry,DualConic,25,757,1,11,11,149,1,18,0,13
com.irurueta:irurueta-geometry,com.irurueta.geometry,Polygon3D,75,993,16,72,18,268,12,69,0,37
com.irurueta:irurueta-geometry,com.irurueta.geometry,KDTree.BoxNode,0,47,0,0,0,15,0,9,0,9
com.irurueta:irurueta-geometry,com.irurueta.geometry,Rotation3D,68,472,14,35,25,102,16,43,4,28
com.irurueta:irurueta-geometry,com.irurueta.geometry,Camera,12,209,0,6,4,62,0,21,0,18
com.irurueta:irurueta-geometry,com.irurueta.geometry,BaseQuadric,5,479,2,12,2,120,2,35,0,30
com.irurueta:irurueta-geometry,com.irurueta.geometry,GeometryException,0,16,0,0,0,8,0,4,0,4
com.irurueta:irurueta-geometry,com.irurueta.geometry,Triangle3D,323,1117,91,77,79,253,57,82,0,55
com.irurueta:irurueta-geometry,com.irurueta.geometry,ParallelPlanesException,0,16,0,0,0,8,0,4,0,4
com.irurueta:irurueta-geometry,com.irurueta.geometry,Ellipsoid,10,236,1,5,3,55,1,15,0,13
com.irurueta:irurueta-geometry,com.irurueta.geometry,VanGoghTriangulator2D,73,235,14,26,10,62,13,15,0,8
com.irurueta:irurueta-geometry,com.irurueta.geometry,Triangle2D,210,782,61,73,47,179,41,70,0,44
com.irurueta:irurueta-geometry,com.irurueta.geometry,PinholeCameraIntrinsicParameters,22,426,4,16,8,99,5,37,1,31
com.irurueta:irurueta-geometry,com.irurueta.geometry,UndefinedPointException,0,16,0,0,0,8,0,4,0,4
com.irurueta:irurueta-geometry,com.irurueta.geometry,HomogeneousPoint3D,8,707,8,48,3,140,8,62,0,42
com.irurueta:irurueta-geometry,com.irurueta.geometry,Rectangle,41,4576,18,210,10,685,17,454,0,357
com.irurueta:irurueta-geometry,com.irurueta.geometry,ConicType,0,33,0,0,0,6,0,1,0,1
com.irurueta:irurueta-geometry,com.irurueta.geometry,Box,0,97,0,6,0,29,0,14,0,11
com.irurueta:irurueta-geometry,com.irurueta.geometry,Rotation2D,17,563,12,40,9,136,12,46,0,32
com.irurueta:irurueta-geometry,com.irurueta.geometry,Utils,4,77,2,6,1,16,2,7,0,5
com.irurueta:irurueta-geometry,com.irurueta.geometry,DualConicNotAvailableException,0,16,0,0,0,8,0,4,0,4
com.irurueta:irurueta-geometry,com.irurueta.geometry,RotationUtils,48,1173,18,52,16,236,18,48,0,31
com.irurueta:irurueta-geometry,com.irurueta.geometry,CameraType,0,9,0,0,0,2,0,1,0,1
com.irurueta:irurueta-geometry,com.irurueta.geometry,AffineTransformation3D,30,3263,2,26,21,662,2,71,0,59
com.irurueta:irurueta-geometry,com.irurueta.geometry,InhomogeneousPoint2D,6,345,3,37,2,80,3,49,0,32
com.irurueta:irurueta-geometry,com.irurueta.geometry,InhomogeneousPoint3D,6,444,3,49,2,97,3,60,0,37
com.irurueta:irurueta-geometry,com.irurueta.geometry,Line3D,13,297,2,14,7,67,2,25,0,19
com.irurueta:irurueta-geometry,com.irurueta.geometry,VanGoghTriangulator3D,78,270,13,31,13,70,12,22,0,12
com.irurueta:irurueta-geometry,com.irurueta.geometry,Circle,12,675,3,21,3,146,3,40,0,31
com.irurueta:irurueta-geometry,com.irurueta.geometry,PinholeCamera,120,2487,19,47,46,600,17,100,0,84
com.irurueta:irurueta-geometry,com.irurueta.geometry,MatrixRotation3D,141,1099,26,36,40,227,26,55,5,45
com.irurueta:irurueta-geometry,com.irurueta.geometry,DualQuadricNotAvailableException,4,12,0,0,2,6,1,3,1,3
com.irurueta:irurueta-geometry,com.irurueta.geometry,AffineTransformation2D,30,1904,2,28,21,446,2,66,0,53
com.irurueta:irurueta-geometry,com.irurueta.geometry,BuildInfo,6,107,1,3,2,27,1,11,0,10
com.irurueta:irurueta-geometry,com.irurueta.geometry,KDTree2D,0,18,0,0,0,5,0,4,0,4
com.irurueta:irurueta-geometry,com.irurueta.geometry,CoplanarPointsException,0,16,0,0,0,8,0,4,0,4
com.irurueta:irurueta-geometry,com.irurueta.geometry,Accuracy2D,0,42,0,0,0,12,0,6,0,6
com.irurueta:irurueta-geometry,com.irurueta.geometry,Plane,27,1102,4,40,10,227,4,60,0,42
com.irurueta:irurueta-geometry,com.irurueta.geometry,NotEnoughVerticesException,0,16,0,0,0,8,0,4,0,4
com.irurueta:irurueta-geometry,com.irurueta.geometry,TriangulatorException,0,16,0,0,0,8,0,4,0,4
com.irurueta:irurueta-geometry,com.irurueta.geometry,Quadric,30,1688,2,12,13,291,2,21,0,16
com.irurueta:irurueta-geometry,com.irurueta.geometry,Accuracy3D,6,131,0,0,2,30,0,10,0,10
com.irurueta:irurueta-geometry,com.irurueta.geometry,Rotation3DType,0,21,0,0,0,4,0,1,0,1
com.irurueta:irurueta-geometry,com.irurueta.geometry,NotAvailableException,0,16,0,0,0,8,0,4,0,4
com.irurueta:irurueta-geometry,com.irurueta.geometry,Ellipse,29,2214,3,31,8,397,4,78,1,64
